Month,Date,MAU,Premium,Conv%,Gross_Revenue,Apple_Fee_30%,Net_Revenue,Fixed_Costs,Variable_Costs,Total_Costs,Profit_Loss,Tax_Reserve_30%,Net_After_Tax,Cumulative_Cash,Notes
Pre-1,Dec 2025,0,0,0.0%,$0.00,$0.00,$0.00,$113.99,$699.00,$812.99,-$812.99,$0.00,-$812.99,-$812.99,Initial investment: Mac Mini + Apple Dev + Domain
Pre-2,Jan 2026,0,0,0.0%,$0.00,$0.00,$0.00,$0.00,$12.00,$12.00,-$12.00,$0.00,-$12.00,-$824.99,Figma subscription
Pre-3,Feb 2026,0,0,0.0%,$0.00,$0.00,$0.00,$0.00,$0.00,$0.00,$0.00,$0.00,$0.00,-$824.99,Development phase
Pre-4,Mar 2026,0,0,0.0%,$0.00,$0.00,$0.00,$0.00,$0.00,$0.00,$0.00,$0.00,$0.00,-$824.99,Beta testing
1,Apr 2026,200,5,2.5%,$24.95,$7.49,$17.46,$0.00,$0.25,$0.25,$17.21,$5.16,$12.05,-$812.94,LAUNCH MONTH
2,May 2026,400,15,3.8%,$74.85,$22.46,$52.39,$0.00,$0.73,$0.73,$51.66,$15.50,$36.16,-$776.78,
3,Jun 2026,1000,50,5.0%,$249.50,$74.85,$174.65,$0.00,$2.49,$2.49,$172.16,$51.65,$120.51,-$656.27,Break-even achieved!
4,Jul 2026,2000,120,6.0%,$598.80,$179.64,$419.16,$0.00,$30.99,$30.99,$388.17,$116.45,$271.72,-$384.55,Upgraded Supabase Pro
5,Aug 2026,3000,210,7.0%,$1047.90,$314.37,$733.53,$0.00,$55.48,$55.48,$678.05,$203.42,$474.63,$90.08,PROFITABLE! Added email marketing
6,Sep 2026,5000,400,8.0%,$1996.00,$598.80,$1397.20,$0.00,$70.00,$70.00,$1327.20,$398.16,$929.04,$1019.12,Scaling infrastructure
7,Oct 2026,6500,585,9.0%,$2919.15,$875.75,$2043.40,$0.00,$100.00,$100.00,$1943.40,$583.02,$1360.38,$2379.50,Added analytics
8,Nov 2026,8000,800,10.0%,$3992.00,$1197.60,$2794.40,$0.00,$125.00,$125.00,$2669.40,$800.82,$1868.58,$4248.08,
9,Dec 2026,10000,1100,11.0%,$5489.00,$1646.70,$3842.30,$99.00,$145.00,$244.00,$3598.30,$1079.49,$2518.81,$6766.89,Year 1 complete! Apple renewal
10,Jan 2027,11500,1380,12.0%,$6888.20,$2066.46,$4821.74,$0.00,$150.00,$150.00,$4671.74,$1401.52,$3270.22,$10037.11,
11,Feb 2027,13000,1430,11.0%,$7137.70,$2141.31,$4996.39,$0.00,$175.00,$175.00,$4821.39,$1446.42,$3374.97,$13412.08,
12,Mar 2027,15000,1500,10.0%,$7485.00,$2245.50,$5239.50,$0.00,$200.00,$200.00,$5039.50,$1511.85,$3527.65,$16939.73,Planning B2B expansion

YEAR 1 SUMMARY (Apr 2026 - Mar 2027):
Total Revenue (Net): $31961.65
Total Costs: $1252.42
Total Profit: $30709.23
Total Taxes Owed: $9212.77
Net Profit After Tax: $21496.46

KEY METRICS - YEAR 1:
- Break-even month: Month 3 (Jun 2026)
- Profitability month: Month 5 (Aug 2026)
- End of Year 1: 15000 MAU 1500 premium (10% conversion)
- Average Revenue Per User (ARPU): $3.49/month net
- Customer Acquisition Cost (CAC): ~$0 (organic growth)
- Lifetime Value (LTV): Estimating 6-month retention = $20.94

QUARTERLY TAX PAYMENTS (Track separately):
Q1 2026 (Jan-Mar): $0 (no revenue)
Q2 2026 (Apr-Jun): ~$72 due Jun 15
Q3 2026 (Jul-Sep): ~$711 due Sep 15
Q4 2026 (Oct-Dec): ~$2163 due Jan 15 2027
Total 2026 Taxes: ~$2946

YEAR 2 PROJECTIONS (Apr 2027 - Mar 2028):
Conservative estimates assuming 15% Apple fee (Year 2+ rate) and continued growth to 30000 MAU
